R/A,Sig_rr_/Pa,Sig_theta_/Pa,Sig_z_/Pa,lambdatheta_
1.01,0.979744558889958,-1.16370299417243,-0.0603698621550599,1.02991991570824
1.03,0.940516254036576,-1.15586506195301,-0.0779142557182175,1.02878534697829
1.05,0.902798202524264,-1.1483494040074,-0.0947255702222952,1.02771384307285
1.07,0.866511624498708,-1.14113827265416,-0.110848638130405,1.02670083335371
1.09,0.831578125793496,-1.13421266156256,-0.126322575050519,1.02574215237246
1.11,0.797927110769935,-1.12755635978979,-0.14118473433936,1.02483399766363
1.13,0.765494553855197,-1.12115537288475,-0.155470610121468,1.02397289256371
1.15,0.734216595813267,-1.1149946092072,-0.16921124908226,1.02315565338519
1.17,0.704035541568435,-1.10906114508939,-0.182436438617456,1.02237936037379
1.19,0.674898916987819,-1.10334378863675,-0.19517461364311,1.02164133196019
1.21,0.646754267810804,-1.09783040336455,-0.207450708290108,1.02093910188695
1.23,0.619554058571183,-1.09251055874957,-0.219288747020485,1.02027039885057
1.25,0.593254940790723,-1.08737519635182,-0.230711759147808,1.01963312834835
1.27,0.567813490200262,-1.08241444586432,-0.241739985153218,1.01902535646183
1.29,0.543190242986281,-1.07761979650956,-0.252393002048845,1.01844529534504
1.31,0.519348762841831,-1.07298365030339,-0.262689475431342,1.01789129021612
1.33,0.496253915239422,-1.0684984622297,-0.272646511732828,1.0173618076774
1.35,0.473871624541046,-1.06415665630908,-0.282279699210025,1.01685542521149
1.37,0.452171714690179,-1.05995214373362,-0.291604613952969,1.01637082172018
1.39,0.431124681008516,-1.05587867262133,-0.300635410416489,1.01590676898992
1.41,0.410701846019189,-1.05192994389957,-0.309385016261847,1.01546212398165
1.43,0.390877752514073,-1.04810088438289,-0.317866394897395,1.01503582185554
1.45,0.371627464246981,-1.04438627061624,-0.32609135364201,1.01462686965176
1.47,0.352926694731062,-1.04078082339171,-0.334070699081829,1.01423434055785
1.49,0.33475383606603,-1.03728028254112,-0.341815302847168,1.01385736870141
1.51,0.31708768610009,-1.03388025080775,-0.349335088124975,1.01349514441392
1.53,0.299907748866197,-1.03057637126621,-0.356639248114523,1.01314690991767
1.55,0.283194998545928,-1.02736474141129,-0.363736684222263,1.0128119553932
1.57,0.266931885838273,-1.0242419332496,-0.370636074143258,1.0124896153895
1.59,0.251100660638972,-1.02120414468358,-0.3773451189895,1.01217926554324
1.61,0.235684994648743,-1.01824805250518,-0.383871383262186,1.01188031957713
1.63,0.22066980073567,-1.01537073277472,-0.39022225916538,1.0115922265505
1.65,0.20603979607185,-1.0125689347744,-0.396404316501327,1.0113144683384
1.67,0.191780896263919,-1.00983981154966,-0.4024240227243,1.0110465573176
1.69,0.177880066436328,-1.00718085435634,-0.408287712132136,1.01078803424052
1.71,0.164324083752569,-1.00458926803071,-0.414001021971455,1.01053846627972
1.73,0.151100741344061,-1.00206260002055,-0.41956951296956,1.01029744522767
1.75,0.138198724755915,-0.999598686037753,-0.424998642697362,1.0100645858377
1.77,0.12560654084171,-0.997195109901665,-0.430293274361694,1.00983952429382
1.79,0.113313562402097,-0.99484974788547,-0.435458214222998,1.009621916798
1.81,0.101309827211673,-0.992560673294392,-0.440498140750654,1.00941143826476
1.83,0.0895855957885404,-0.990325937471952,-0.445417413854139,1.00920778111386
1.85,0.0781312834210249,-0.988143542340311,-0.450220064762554,1.00901065415282
1.87,0.066938266395445,-0.986011859295788,-0.454910211827219,1.00881978154161
1.89,0.0559980075123339,-0.983929188040666,-0.459491653892603,1.00863490183278
1.91,0.0453020941485262,-0.981893782177461,-0.463967907793614,1.00845576708083
1.93,0.0348429465973624,-0.979904216434836,-0.468342572960458,1.00828214201508
1.95,0.024613052649858,-0.977959000807837,-0.472618973914193,1.00811380327103
1.97,0.0146050004672309,-0.976056602409692,-0.476800191940507,1.00795053867545
1.99,0.00481210325407719,-0.974195768137675,-0.480889385534712,1.00779214658104
