R/A,Sig_rr_Condition_A/Pa,Sig_rr_Condition_B/Pa,Sig_rr_Condition_C/Pa,Sig_theta_Condition_A/Pa,Sig_theta_Condition_B/Pa,Sig_theta_Condition_C/Pa,Sig_z_Condition_A/Pa,Sig_z_Condition_B/Pa,Sig_z_Condition_C/Pa,lambdatheta_Condition_A,lambdatheta_Condition_B,lambdatheta_Condition_C
1.01,0.985696819978231,0.985576122452821,0.985454978611835,-2.15399123802146,-2.24124055828735,-2.33199825726575,-0.000252040841187506,-0.0145429503138386,-0.0290118932804857,1.47797520887504,1.49211613073875,1.50669270088918
1.03,0.957423477732137,0.95710188993005,0.956775755130355,-2.13620354894372,-2.21336343525661,-2.29457712162076,-0.0281587888846773,-0.040129684906707,-0.0525543678783214,1.46248444521475,1.47622672913967,1.49039478556161
1.05,0.929527823889524,0.929074787217043,0.928605585352727,-2.11908524336968,-2.18722030816034,-2.25979492873613,-0.0551948189191229,-0.0650314696561081,-0.0755469218388569,1.4477184712731,1.46107822032272,1.47485419104297
1.07,0.902012673647242,0.901488161211433,0.900930328685035,-2.10260016693334,-2.1626762789366,-2.22744166679311,-0.081389395917833,-0.0892702796700958,-0.0980091072007331,1.43363309226982,1.44662554717906,1.4600249820455
1.09,0.874879194649885,0.874335855572824,0.873737850099066,-2.08671339672219,-2.13960918621985,-2.1973282810056,-0.106771005441344,-0.112867380482655,-0.119959511734407,1.42018744788189,1.43282704652111,1.44586467783019
1.11,0.848128346289617,0.847611481134748,0.847015751359791,-2.07139255237868,-2.11790761898454,-2.16928233153565,-0.131367338009385,-0.135843368939092,-0.141415899627792,1.40734371078028,1.41964414246943,1.43233394032718
1.13,0.821760935494149,0.821308698119283,0.820751809867108,-2.05660767747154,-2.09747007486837,-2.14314665933089,-0.155205311513554,-0.158218182246562,-0.162395223106307,1.39506681704972,1.40704107225779,1.41939629522526
1.15,0.795776278768196,0.795421298164749,0.794935106583449,-2.04232981189772,-2.07820403500378,-2.11877889261665,-0.178311010212084,-0.180011117808832,-0.182913693275147,1.38332422462743,1.39498464053333,1.40701788204427
1.17,0.770173638191368,0.769943018922581,0.769554666207465,-2.02853223300862,-2.06002489577901,-2.09604869758644,-0.200709733115983,-0.20124084255731,-0.202986805666308,1.37208569642336,1.38344399875724,1.39516722973688
1.19,0.744952257216014,0.744867735398588,0.744599757217466,-2.01519032038634,-2.04285536219326,-2.07483684633263,-0.222426024343634,-0.221925417012282,-0.222629370417957,1.36132310523183,1.37239044676631,1.3838150548295
1.21,0.720110030474746,0.720189217627454,0.720060467123057,-2.00228018901273,-2.02662451765552,-2.05503466008329,-0.243483575987866,-0.242082296349315,-0.241855583029717,1.35101025792575,1.3617972539434,1.37293407950625
1.23,0.695644919035163,0.695901309164648,0.695926966177388,-1.98977987378738,-2.0112673672569,-2.03654233492214,-0.263905332634415,-0.261728355167347,-0.260679023506869,1.34112273674965,1.35163949777586,1.36249886737671
1.25,0.671554967028698,0.671998052986861,0.672189709826115,-1.97766919426442,-1.99672438961032,-2.01926827448581,-0.283713524933445,-0.280879918160481,-0.279112694018394,1.33163775580646,1.34189391786439,1.35248567495667
1.27,0.647837001083973,0.648473239841318,0.64883963916318,-1.96592847309156,-1.98294062802673,-2.00312850197339,-0.302929540283432,-0.299552732916108,-0.297169068550798,1.32253403107232,1.33253878368798,1.34287231713843
1.29,0.624488005467041,0.625320822677811,0.62586786855974,-1.95453965886437,-1.96986562060034,-1.98804568741806,-0.321574072756743,-0.31776202191555,-0.314860096186842,1.31379166247897,1.32355377464006,1.33363804514049
1.31,0.601504982383234,0.602534929865024,0.603265812380194,-1.94348607818491,-1.95745300392397,-1.9739486518465,-0.339667136749928,-0.335522505642552,-0.332197238295129,1.30539202678136,1.31491987103158,1.32476343560995
1.33,0.578884401957627,0.580109617625586,0.581025175375621,-1.93275185555892,-1.94565993311956,-1.96077180940586,-0.35722800997041,-0.352848389253412,-0.349191494486863,1.29731768008151,1.30661925491291,1.31623028971015
1.35,0.556622113282432,0.5580387641275,0.559137841928695,-1.92232175776483,-1.93444667201973,-1.94845457931238,-0.374275220184976,-0.369753356784886,-0.365853413155451,1.28955226901268,1.29863521970214,1.30802154116366
1.37,0.53471460889077,0.536316710779042,0.537596023615205,-1.91218217786189,-1.92377685100888,-1.93694107388729,-0.390826752553913,-0.38625067688976,-0.38219313327786,1.28208044970395,1.29095208772468,1.30012117234068
1.39,0.513157792257677,0.514937643022331,0.516392126999292,-1.9023200012583,-1.91361666836562,-1.9261795867191,-0.40689988434107,-0.40235313300283,-0.398220389676943,1.27488781374568,1.28355513487192,1.29251413758696
1.41,0.491947035255708,0.493895563494747,0.495518667342507,-1.89272259377071,-1.90393463812718,-1.91612216504434,-0.422511193596517,-0.418073024665545,-0.41394451837817,1.26796082046468,1.27643052167591,1.28518629307651
1.43,0.471078370598577,0.473184981232703,0.474968548191296,-1.88337871311179,-1.89470194910061,-1.90672452450993,-0.437676785009193,-0.433422296312385,-0.429374519529945,1.26128673489447,1.26956523017539,1.27812433255372
1.45,0.450547320893528,0.452800235823279,0.454734788949333,-1.87427747222898,-1.88589170299485,-1.89794552795234,-0.452412105734052,-0.448412442028222,-0.44451903456415,1.25485357089361,1.26294700601685,1.27131572839949
1.47,0.430348954313488,0.432735487699543,0.434810468153743,-1.86540833756296,-1.87747873824516,-1.88974688006762,-0.466731957754848,-0.46305450876102,-0.459386350111129,1.24865003892429,1.25656430529482,1.26474867751694
1.49,0.410479001892644,0.412985425312631,0.415189087356776,-1.85676196873528,-1.86944004333567,-1.8820931889536,-0.4806507349097,-0.477359243024163,-0.473984479661545,1.24266549805526,1.25040624568809,1.25841205158627
1.51,0.390932753464216,0.393544564810033,0.395864208749112,-1.84832927532465,-1.86175403975423,-1.8749514521648,-0.494182225589382,-0.491336974905208,-0.488321115891579,1.23688991179922,1.24446256149559,1.25229535128561
1.53,0.371705223325579,0.374407329468997,0.376829466547288,-1.84010151014642,-1.85440052011483,-1.86829087476554,-0.507339652447652,-0.504997639606224,-0.502403643913409,1.23131380743531,1.23872356221674,1.24638866411691
1.55,0.352791628679356,0.355568365837449,0.358078744655351,-1.83207060100654,-1.84736077938128,-1.86208283549136,-0.520135789889143,-0.51835085421004,-0.516239189840201,1.22592823850297,1.23318009435731,1.24068262551251
1.57,0.334187481186701,0.337022618375275,0.339606233795396,-1.82422917211349,-1.84061755797712,-1.8563007676008,-0.5325830081951,-0.531405951502744,-0.529834649498779,1.22072475018548,1.22782350617441,1.2351683829313
1.59,0.315887615165801,0.318764636857822,0.321405985593406,-1.81656975745863,-1.83415440268959,-1.85091966142938,-0.544693065236585,-0.544171838156166,-0.543196606186944,1.21569534732943,1.22264561510279,1.22983756268215
1.61,0.297887194441741,0.3007892751276,0.303472342266648,-1.80908554496748,-1.82795612222597,-1.84591627086496,-0.556477348724538,-0.55665715806119,-0.556331432501989,1.2108324648715,1.21763867762983,1.22468223923846
1.63,0.280181681576471,0.283091681025491,0.285799941638497,-1.80177031133842,-1.82200868949881,-1.84126899107359,-0.567946892573165,-0.568870307729712,-0.569245307392152,1.20612894046632,1.21279536140968,1.21969490683042
1.65,0.262765934041635,0.265666624759276,0.268383256657641,-1.79461771127934,-1.81629865443908,-1.83695739317203,-0.579112168010666,-0.580819286475225,-0.581944120803031,1.2015779891288,1.20810871942687,1.2148684531224
1.67,0.245635138065273,0.248509177687915,0.251217044768259,-1.78762195657919,-1.81081359352171,-1.83296246996748,-0.589983324529792,-0.592511866495633,-0.594433586156787,1.19717317972233,1.20357216603798,1.21019613480109
1.69,0.228784777284347,0.231614698048204,0.23429634630267,-1.78077775942178,-1.80554202943061,-1.82926653763261,-0.600570203216963,-0.603955605356807,-0.606719254085315,1.19290841314008,1.1991794547359,1.20567155491632
1.71,0.212209794548516,0.214978186637666,0.217616021716659,-1.77407969053955,-1.80047289270289,-1.82585280226608,-0.610882130036723,-0.615157691511843,-0.61880640749852,1.18877790204055,1.19492465749578,1.20128864183145
1.73,0.195905455761986,0.198594938615231,0.201171206876307,-1.76752279764363,-1.79559595619,-1.82270562622304,-0.620928152365302,-0.6261251176955,-0.630700181606561,1.18477615201184,1.19080214557485,1.19704162965302
1.75,0.179867318729726,0.182460526601317,0.184957306945013,-1.76110255607092,-1.79090176840408,-1.8198104481996,-0.63071704965453,-0.636864690871686,-0.642405574828058,1.18089794404981,1.18680657164942,1.19292504002152
1.77,0.164090457541971,0.166570187419569,0.168969539768699,-1.75481428923543,-1.78638116059837,-1.81715338069932,-0.640257131041054,-0.64738287583554,-0.653927337287005,1.17713831824637,1.18293285318359,1.18893366515553
1.79,0.148570260060918,0.150919442757805,0.153203387596349,-1.74865373106259,-1.7820256608414,-1.81472148441749,-0.649556465165554,-0.657685969135225,-0.665270095690245,1.17349255859269,1.17917615693282,1.18506255205118
1.81,0.133302318977977,0.135504017156015,0.137654539274257,-1.742616927365,-1.77782739280073,-1.81250266752317,-0.658622865601427,-0.667780088687382,-0.6764383482857,1.16995617881102,1.17553188449464,1.18130698774739
1.83,0.118282107987202,0.120319575826263,0.122318689016943,-1.73669999038987,-1.77377885203791,-1.81048548823913,-0.667463809107794,-0.677671108502392,-0.687436417191863,1.166524909136,1.17199565882595,1.17766248557526
1.85,0.103504931535953,0.105361675785969,0.107191490991788,-1.73089905392893,-1.76987284230609,-1.80865907762736,-0.67608642768537,-0.687364649250764,-0.698268440056519,1.16319468397323,1.16856331165365,1.17412477231687
1.87,0.088966608586735,0.0906263231676855,0.0922689885386349,-1.72521074133869,-1.76610284105039,-1.80701340332349,-0.684497722437865,-0.696866248099526,-0.708938498787342,1.15996163036919,1.16523087171131,1.17068977620525
1.89,0.0746627806448336,0.0761094077240712,0.0775471761136144,-1.7196316664312,-1.76246256989038,-1.80553891497221,-0.692704369457056,-0.706181202846386,-0.719450502389258,1.1568220572318,1.16199455374042,1.16735361570289
1.91,0.0605889435290005,0.0618067210795867,0.0630220058615002,-1.71415844950027,-1.75894598600979,-1.80422651487879,-0.70071273487498,-0.715314580786952,-0.729808192024189,1.15377244524647,1.15885074819984,1.1641125890015
1.93,0.0467410766150053,0.0477144801128373,0.048689800252867,-1.70878814258751,-1.75554762393578,-1.80306781419977,-0.70852907864549,-0.724271384043272,-0.740015269159923,1.15080943743654,1.15579601163174,1.16096316419038
1.95,0.0331150046569488,0.0338287950199347,0.0345468306138145,-1.70351777813883,-1.75226220210374,-1.80205480391727,-0.716159367947787,-0.733056396353457,-0.75007527717674,1.14792983032157,1.15282705763647,1.15790197004518
1.97,0.0197064266545012,0.0201456870058392,0.0205893248970329,-1.69834438428194,-1.74908461858506,-1.80117983377256,-0.723609291334722,-0.741674191776094,-0.759991606527321,1.14513056563052,1.14994074841285,1.15492578739243
1.99,0.00651149470775726,0.00666157853237217,0.00681386210175195,-1.69326537074295,-1.74601026968324,-1.80043585954128,-0.73088445162088,-0.750129294775729,-0.769767622039126,1.14240872253058,1.14713408682355,1.15203154100917
